date,ticker,atm_iv,put_skew_mean,call_skew_mean,put_skew_max,call_skew_max,n_puts,n_calls
2026-06-16,AAPL,21.97,6.18,11.35,8.78,23.64,13,14
2026-06-16,QQQ,24.44,7.71,7.29,17.61,14.48,104,45
2026-06-16,SPY,14.94,7.75,8.03,14.62,10.71,254,53
2026-06-16,TSLA,42.66,6.17,6.67,7.83,9.39,4,5
2026-06-18,AAPL,22.86,6.16,9.34,7.99,16.27,8,9
2026-06-18,GLD,23.14,6.01,28.94,11.0,136.1,22,16
2026-06-18,NVDA,37.2,6.16,7.8,7.67,13.94,4,11
2026-06-18,QQQ,24.11,7.5,7.77,14.65,14.77,114,37
2026-06-18,SPY,14.32,8.2,10.72,16.98,27.3,286,116
2026-06-18,TSLA,45.17,5.93,7.93,7.09,14.39,4,9
2026-06-19,AAPL,22.51,6.66,11.06,9.09,18.83,9,10
2026-06-19,GLD,24.09,6.83,36.22,10.35,137.83,20,12
2026-06-19,NVDA,36.57,6.55,6.05,7.08,6.78,2,3
2026-06-19,QQQ,24.38,7.35,6.58,14.39,10.43,118,37
2026-06-19,SPY,14.37,8.2,10.85,17.06,29.43,341,144
2026-06-19,TSLA,42.56,5.11,5.94,5.11,6.31,1,2
2026-06-22,AAPL,27.71,2.78,15.56,8.42,33.57,13,19
2026-06-22,GLD,22.52,6.93,39.85,12.8,129.28,23,21
2026-06-22,NVDA,34.24,5.65,7.64,5.65,10.02,1,3
2026-06-22,QQQ,25.81,7.57,6.06,15.34,8.87,117,27
2026-06-22,SPY,15.09,7.93,10.01,16.49,21.79,294,105
2026-06-22,TSLA,43.99,6.0,7.78,6.9,8.97,3,3
2026-06-23,AAPL,,,,,,0,0
2026-06-23,GLD,167.08,,-56.19,,-14.12,0,6
2026-06-23,NVDA,,,,,,0,0
2026-06-23,QQQ,,,,,,0,0
2026-06-23,SPY,21.61,,6.88,,6.88,0,1
2026-06-23,TSLA,,,,,,0,0
2026-06-24,AAPL,,,,,,0,0
2026-06-24,GLD,175.28,-6.5,-65.97,-6.5,-13.46,1,8
2026-06-24,NVDA,,,,,,0,0
2026-06-24,QQQ,,,,,,0,0
2026-06-24,SPY,25.61,,7.08,,7.08,0,1
2026-06-24,TSLA,,,,,,0,0
2026-06-25,AAPL,,,,,,0,0
2026-06-25,GLD,187.98,,-74.82,,-12.48,0,8
2026-06-25,NVDA,,,,,,0,0
2026-06-25,QQQ,,,,,,0,0
2026-06-25,SPY,25.8,,7.1,,7.1,0,1
2026-06-25,TSLA,,,,,,0,0
2026-06-26,AAPL,,,,,,0,0
2026-06-26,GLD,160.83,,-48.57,,23.28,0,8
2026-06-26,NVDA,,,,,,0,0
2026-06-26,QQQ,,,,,,0,0
2026-06-26,SPY,25.5,,7.09,,7.09,0,1
2026-06-26,TSLA,,,,,,0,0
2026-06-29,AAPL,,,,,,0,0
2026-06-29,GLD,183.88,,-76.7,,-13.45,0,8
2026-06-29,NVDA,,,,,,0,0
2026-06-29,QQQ,,,,,,0,0
2026-06-29,SPY,27.47,,7.25,,7.25,0,1
2026-06-29,TSLA,,,,,,0,0
2026-06-30,AAPL,,,,,,0,0
2026-06-30,GLD,165.25,,-49.49,,23.99,0,8
2026-06-30,NVDA,,,,,,0,0
2026-06-30,QQQ,,,,,,0,0
2026-06-30,SPY,23.35,,7.01,,7.01,0,1
2026-06-30,TSLA,,,,,,0,0
2026-07-01,AAPL,,,,,,0,0
2026-07-01,GLD,95.79,,34.85,,94.76,0,9
2026-07-01,NVDA,,,,,,0,0
2026-07-01,QQQ,,,,,,0,0
2026-07-01,SPY,21.11,,6.95,,6.95,0,1
2026-07-01,TSLA,,,,,,0,0
2026-07-02,AAPL,,,,,,0,0
2026-07-02,GLD,94.22,,20.83,,82.62,0,7
2026-07-02,NVDA,,,,,,0,0
2026-07-02,QQQ,,,,,,0,0
2026-07-02,SPY,21.57,,6.97,,6.97,0,1
2026-07-02,TSLA,,,,,,0,0
2026-07-03,AAPL,28.68,6.81,7.81,8.95,14.86,6,10
2026-07-03,GLD,23.6,0.73,51.99,8.42,145.97,10,13
2026-07-03,NVDA,39.7,6.05,,7.25,,3,0
2026-07-03,QQQ,25.7,7.61,0.61,13.62,11.32,91,44
2026-07-03,SPY,14.24,7.72,9.38,14.95,19.7,289,72
2026-07-03,TSLA,,,,,,0,0
2026-07-06,AAPL,,,,,,0,0
2026-07-06,GLD,89.06,-6.48,38.74,-6.48,82.97,1,5
2026-07-06,NVDA,,,,,,0,0
2026-07-06,QQQ,,,,,,0,0
2026-07-06,SPY,22.38,,6.84,,6.84,0,1
2026-07-06,TSLA,,,,,,0,0
2026-07-07,AAPL,,,,,,0,0
2026-07-07,GLD,85.57,,50.4,,82.73,0,5
2026-07-07,NVDA,,,,,,0,0
2026-07-07,QQQ,,,,,,0,0
2026-07-07,SPY,19.54,,6.93,,6.93,0,1
2026-07-07,TSLA,,,,,,0,0
2026-07-08,AAPL,,,,,,0,0
2026-07-08,GLD,58.62,-8.39,46.59,-6.98,84.07,3,5
2026-07-08,NVDA,,,,,,0,0
2026-07-08,QQQ,,,,,,0,0
2026-07-08,SPY,19.13,6.1,6.88,6.1,6.88,1,1
2026-07-08,TSLA,,,,,,0,0
2026-07-09,AAPL,,,,,,0,0
2026-07-09,GLD,94.41,,46.72,,85.18,0,4
2026-07-09,NVDA,,,,,,0,0
2026-07-09,QQQ,,,,,,0,0
2026-07-09,SPY,22.2,,6.88,,6.88,0,1
2026-07-09,TSLA,,,,,,0,0
2026-07-10,AAPL,,,,,,0,0
2026-07-10,GLD,91.25,,46.43,,84.94,0,4
2026-07-10,NVDA,,,,,,0,0
2026-07-10,QQQ,,,,,,0,0
2026-07-10,SPY,19.48,,6.97,,6.97,0,1
2026-07-10,TSLA,,,,,,0,0
2026-07-13,AAPL,,,,,,0,0
2026-07-13,GLD,94.25,,53.0,,86.76,0,5
2026-07-13,NVDA,,,,,,0,0
2026-07-13,QQQ,,,,,,0,0
2026-07-13,SPY,17.91,,7.15,,7.15,0,1
2026-07-13,TSLA,,,,,,0,0
2026-07-14,AAPL,29.45,6.79,7.56,9.3,11.72,11,4
2026-07-14,GLD,24.93,1.54,82.83,8.18,183.19,17,11
2026-07-14,NVDA,41.4,6.44,6.91,7.62,8.08,3,5
2026-07-14,QQQ,25.42,8.09,1.73,15.58,15.25,115,57
2026-07-14,SPY,14.52,8.01,10.01,15.34,22.21,281,60
2026-07-14,TSLA,,,,,,0,0
2026-07-15,AAPL,,,,,,0,0
2026-07-15,GLD,182.0,,-43.39,,7.49,0,3
2026-07-15,NVDA,,,,,,0,0
2026-07-15,QQQ,,,,,,0,0
2026-07-15,SPY,19.61,,7.04,,7.04,0,1
2026-07-15,TSLA,,,,,,0,0
2026-07-16,AAPL,,,,,,0,0
2026-07-16,GLD,178.42,-10.84,-14.22,-10.84,60.58,1,4
2026-07-16,NVDA,,,,,,0,0
2026-07-16,QQQ,23.25,7.47,,9.73,,10,0
2026-07-16,SPY,16.03,7.73,7.16,9.66,7.16,16,1
2026-07-16,TSLA,,,,,,0,0
2026-07-17,AAPL,,,,,,0,0
2026-07-17,GLD,188.49,,0.17,,58.73,0,6
2026-07-17,NVDA,,,,,,0,0
2026-07-17,QQQ,,,,,,0,0
2026-07-17,SPY,19.22,-5.53,7.03,-5.53,7.03,1,1
2026-07-17,TSLA,,,,,,0,0
2026-07-20,AAPL,,,,,,0,0
2026-07-20,GLD,188.2,-12.28,-6.68,-12.28,60.69,1,5
2026-07-20,NVDA,,,,,,0,0
2026-07-20,QQQ,,,,,,0,0
2026-07-20,SPY,23.79,,7.01,,7.01,0,1
2026-07-20,TSLA,,,,,,0,0
2026-07-21,AAPL,,,,,,0,0
2026-07-21,GLD,195.43,-12.79,4.57,-12.79,61.0,1,4
2026-07-21,NVDA,,,,,,0,0
2026-07-21,QQQ,,,,,,0,0
2026-07-21,SPY,24.37,,7.03,,7.03,0,1
2026-07-21,TSLA,,,,,,0,0
2026-07-22,AAPL,30.73,6.78,7.44,9.49,11.8,10,6
2026-07-22,GLD,22.12,3.55,71.98,7.31,167.35,12,6
2026-07-22,NVDA,40.43,5.54,9.05,10.27,13.58,9,8
2026-07-22,QQQ,24.28,7.88,-0.71,16.09,11.74,97,82
2026-07-22,SPY,14.35,8.19,9.66,16.29,22.07,326,72
2026-07-22,TSLA,54.77,,8.93,,8.93,0,1
2026-07-23,AAPL,,,,,,0,0
2026-07-23,GLD,105.41,-11.71,-32.8,-9.91,7.54,2,2
2026-07-23,NVDA,,,,,,0,0
2026-07-23,QQQ,,,,,,0,0
2026-07-23,SPY,20.02,-7.62,7.06,-7.62,7.06,1,1
2026-07-23,TSLA,,,,,,0,0
2026-07-24,AAPL,,,,,,0,0
2026-07-24,GLD,24.81,-11.22,2.77,-11.22,70.52,1,4
2026-07-24,NVDA,,,,,,0,0
2026-07-24,QQQ,,,,,,0,0
2026-07-24,SPY,28.7,,20.02,,32.94,0,2
2026-07-24,TSLA,,,,,,0,0
2026-07-27,AAPL,,,,,,0,0
2026-07-27,GLD,25.04,-11.21,2.91,-11.21,72.49,1,4
2026-07-27,NVDA,,,,,,0,0
2026-07-27,QQQ,,,,,,0,0
2026-07-27,SPY,28.63,,21.04,,34.93,0,2
2026-07-27,TSLA,,,,,,0,0
2026-07-28,AAPL,,,,,,0,0
2026-07-28,GLD,111.14,-10.66,2.07,-10.66,74.18,1,3
2026-07-28,NVDA,,,,,,0,0
2026-07-28,QQQ,,,,,,0,0
2026-07-28,SPY,28.74,,21.36,,35.56,0,2
2026-07-28,TSLA,,,,,,0,0
2026-07-29,AAPL,,,,,,0,0
2026-07-29,GLD,117.46,-12.15,7.19,-12.15,73.74,1,5
2026-07-29,NVDA,,,,,,0,0
2026-07-29,QQQ,,,,,,0,0
2026-07-29,SPY,26.06,7.13,20.75,7.13,39.08,1,3
2026-07-29,TSLA,,,,,,0,0
2026-07-30,AAPL,,,,,,0,0
2026-07-30,GLD,119.65,-11.66,-0.58,-11.66,67.26,1,3
2026-07-30,NVDA,,,,,,0,0
2026-07-30,QQQ,,,,,,0,0
2026-07-30,SPY,39.57,,19.56,,31.8,0,2
2026-07-30,TSLA,,,,,,0,0
2026-07-31,AAPL,,,,,,0,0
2026-07-31,GLD,26.65,-7.08,-29.88,5.03,13.07,3,2
2026-07-31,NVDA,,,,,,0,0
2026-07-31,QQQ,,,,,,0,0
2026-07-31,SPY,24.32,7.23,24.92,7.23,42.67,1,2
2026-07-31,TSLA,,,,,,0,0
2026-08-03,AAPL,,,,,,0,0
2026-08-03,GLD,123.22,-11.64,-0.35,-11.64,70.28,1,3
2026-08-03,NVDA,,,,,,0,0
2026-08-03,QQQ,,,,,,0,0
2026-08-03,SPY,20.62,-0.45,7.19,7.87,7.19,2,1
2026-08-03,TSLA,,,,,,0,0
2026-08-04,AAPL,28.83,8.47,-8.4,14.92,-5.88,10,2
2026-08-04,GLD,21.93,4.6,73.24,8.53,195.87,9,11
2026-08-04,NVDA,39.21,6.36,5.7,6.91,5.7,2,1
2026-08-04,QQQ,22.61,7.32,7.82,85.55,17.13,139,31
2026-08-04,SPY,14.22,7.68,8.98,24.82,23.26,356,141
2026-08-04,TSLA,49.28,,6.49,,8.11,0,3
2026-08-05,AAPL,,,,,,0,0
2026-08-05,GLD,120.36,-11.02,0.5,-11.02,74.11,1,3
2026-08-05,NVDA,,,,,,0,0
2026-08-05,QQQ,,,,,,0,0
2026-08-05,SPY,,,,,,0,0
2026-08-05,TSLA,,,,,,0,0
2026-08-06,AAPL,,,,,,0,0
2026-08-06,GLD,34.03,3.62,,10.6,,5,0
2026-08-06,NVDA,,,,,,0,0
2026-08-06,QQQ,,,,,,0,0
2026-08-06,SPY,,,,,,0,0
2026-08-06,TSLA,,,,,,0,0
2026-08-07,AAPL,,,,,,0,0
2026-08-07,GLD,34.15,3.62,,10.62,,5,0
2026-08-07,NVDA,,,,,,0,0
2026-08-07,QQQ,,,,,,0,0
2026-08-07,SPY,,,,,,0,0
2026-08-07,TSLA,,,,,,0,0
2026-08-10,AAPL,,,,,,0,0
2026-08-10,GLD,39.94,3.27,,10.61,,5,0
2026-08-10,NVDA,,,,,,0,0
2026-08-10,QQQ,,,,,,0,0
2026-08-10,SPY,,,,,,0,0
2026-08-10,TSLA,,,,,,0,0
2026-08-11,AAPL,,,,,,0,0
2026-08-11,GLD,29.8,16.49,,18.75,,4,0
2026-08-11,NVDA,,,,,,0,0
2026-08-11,QQQ,,,,,,0,0
2026-08-11,SPY,,,,,,0,0
2026-08-11,TSLA,,,,,,0,0
2026-08-12,AAPL,,,,,,0,0
2026-08-12,GLD,29.09,16.54,,18.8,,4,0
2026-08-12,NVDA,,,,,,0,0
2026-08-12,QQQ,,,,,,0,0
2026-08-12,SPY,,,,,,0,0
2026-08-12,TSLA,,,,,,0,0
2026-08-13,AAPL,,,,,,0,0
2026-08-13,GLD,31.14,16.62,,18.92,,4,0
2026-08-13,NVDA,,,,,,0,0
2026-08-13,QQQ,,,,,,0,0
2026-08-13,SPY,,,,,,0,0
2026-08-13,TSLA,,,,,,0,0
2026-08-14,AAPL,,,,,,0,0
2026-08-14,GLD,28.16,16.63,,18.9,,4,0
2026-08-14,NVDA,,,,,,0,0
2026-08-14,QQQ,50.37,67.86,,67.86,,1,0
2026-08-14,SPY,,,,,,0,0
2026-08-14,TSLA,,,,,,0,0
2026-08-17,AAPL,,,,,,0,0
2026-08-17,GLD,29.73,16.8,,19.12,,4,0
2026-08-17,NVDA,,,,,,0,0
2026-08-17,QQQ,,,,,,0,0
2026-08-17,SPY,,,,,,0,0
2026-08-17,TSLA,,,,,,0,0
2026-08-18,AAPL,,,,,,0,0
2026-08-18,GLD,31.86,16.9,,19.26,,4,0
2026-08-18,NVDA,,,,,,0,0
2026-08-18,QQQ,,,,,,0,0
2026-08-18,SPY,,,,,,0,0
2026-08-18,TSLA,,,,,,0,0
2026-08-19,AAPL,,,,,,0,0
2026-08-19,GLD,28.33,16.9,,19.23,,4,0
2026-08-19,NVDA,,,,,,0,0
2026-08-19,QQQ,,,,,,0,0
2026-08-19,SPY,,,,,,0,0
2026-08-19,TSLA,,,,,,0,0
2026-08-20,AAPL,,,,,,0,0
2026-08-20,GLD,35.99,7.77,,19.58,,5,0
2026-08-20,NVDA,,,,,,0,0
2026-08-20,QQQ,,,,,,0,0
2026-08-20,SPY,,,,,,0,0
2026-08-20,TSLA,,,,,,0,0
2026-08-21,AAPL,,,,,,0,0
2026-08-21,GLD,36.74,7.86,,19.69,,5,0
2026-08-21,NVDA,,,,,,0,0
2026-08-21,QQQ,,,,,,0,0
2026-08-21,SPY,,,,,,0,0
2026-08-21,TSLA,,,,,,0,0
2026-08-24,AAPL,,,,,,0,0
2026-08-24,GLD,40.59,8.22,,20.13,,5,0
2026-08-24,NVDA,,,,,,0,0
2026-08-24,QQQ,,,,,,0,0
2026-08-24,SPY,,,,,,0,0
2026-08-24,TSLA,,,,,,0,0
2026-08-25,AAPL,,,,,,0,0
2026-08-25,GLD,25.23,-0.97,,21.59,,5,0
2026-08-25,NVDA,,,,,,0,0
2026-08-25,QQQ,,,,,,0,0
2026-08-25,SPY,19.15,,5.01,,5.01,0,1
2026-08-25,TSLA,,,,,,0,0
2026-08-26,AAPL,,,,,,0,0
2026-08-26,GLD,25.72,-0.88,,21.61,,5,0
2026-08-26,NVDA,,,,,,0,0
2026-08-26,QQQ,,,,,,0,0
2026-08-26,SPY,,,,,,0,0
2026-08-26,TSLA,,,,,,0,0
2026-08-27,AAPL,24.61,6.54,10.99,8.39,21.51,5,9
2026-08-27,GLD,24.82,-4.58,9.51,20.34,20.74,21,21
2026-08-27,NVDA,33.98,6.35,12.02,8.25,32.8,7,5
2026-08-27,QQQ,18.85,8.14,6.01,31.85,7.35,120,14
2026-08-27,SPY,13.15,7.75,7.49,29.11,17.92,210,87
2026-08-27,TSLA,37.79,7.84,-5.57,9.84,5.73,3,5
2026-08-28,AAPL,24.32,9.14,,12.37,,2,0
2026-08-28,GLD,24.33,1.67,8.0,29.97,15.95,17,16
2026-08-28,NVDA,33.28,7.28,,10.58,,6,0
2026-08-28,QQQ,17.48,8.39,6.92,32.39,15.24,130,15
2026-08-28,SPY,13.16,7.92,7.04,29.55,12.91,232,52
2026-08-28,TSLA,,,,,,0,0
2026-08-31,AAPL,24.94,5.39,9.38,5.49,20.24,2,8
2026-08-31,GLD,22.59,1.07,8.97,30.5,15.11,18,19
2026-08-31,NVDA,31.26,6.44,7.64,7.02,13.05,3,8
2026-08-31,QQQ,17.68,8.53,9.37,31.13,21.18,134,28
2026-08-31,SPY,13.19,7.98,8.2,28.32,24.53,193,77
2026-08-31,TSLA,38.47,8.25,-3.76,12.57,5.68,3,4
2026-09-01,AAPL,,,,,,0,0
2026-09-01,GLD,30.5,-6.37,,11.12,,5,0
2026-09-01,NVDA,,,,,,0,0
2026-09-01,QQQ,,,,,,0,0
2026-09-01,SPY,,,,,,0,0
2026-09-01,TSLA,,,,,,0,0
2026-09-02,AAPL,,,,,,0,0
2026-09-02,GLD,26.24,-7.11,,11.16,,5,0
2026-09-02,NVDA,,,,,,0,0
2026-09-02,QQQ,,,,,,0,0
2026-09-02,SPY,22.26,,5.32,,5.32,0,1
2026-09-02,TSLA,,,,,,0,0
2026-09-03,AAPL,,,,,,0,0
2026-09-03,GLD,28.6,-6.59,,11.17,,5,0
2026-09-03,NVDA,,,,,,0,0
2026-09-03,QQQ,,,,,,0,0
2026-09-03,SPY,,,,,,0,0
2026-09-03,TSLA,,,,,,0,0
2026-09-04,AAPL,,,,,,0,0
2026-09-04,GLD,31.26,-6.39,,11.2,,5,0
2026-09-04,NVDA,,,,,,0,0
2026-09-04,QQQ,,,,,,0,0
2026-09-04,SPY,,,,,,0,0
2026-09-04,TSLA,,,,,,0,0
2026-09-07,AAPL,26.33,5.87,8.7,6.16,17.1,3,8
2026-09-07,GLD,25.31,12.48,7.7,31.0,11.52,10,17
2026-09-07,NVDA,35.57,6.29,6.28,7.92,7.03,3,2
2026-09-07,QQQ,19.14,8.32,6.79,43.07,8.24,151,10
2026-09-07,SPY,13.71,7.88,6.97,32.09,9.83,219,52
2026-09-07,TSLA,,,,,,0,0
2026-09-08,AAPL,,,,,,0,0
2026-09-08,GLD,30.3,-6.53,,11.3,,5,0
2026-09-08,NVDA,,,,,,0,0
2026-09-08,QQQ,,,,,,0,0
2026-09-08,SPY,,,,,,0,0
2026-09-08,TSLA,,,,,,0,0
2026-09-09,AAPL,,,,,,0,0
2026-09-09,GLD,27.76,-6.89,,11.33,,5,0
2026-09-09,NVDA,,,,,,0,0
2026-09-09,QQQ,,,,,,0,0
2026-09-09,SPY,23.85,,-11.58,,-11.58,0,1
2026-09-09,TSLA,,,,,,0,0
2026-09-10,AAPL,,,,,,0,0
2026-09-10,GLD,29.21,-6.68,,11.35,,5,0
2026-09-10,NVDA,,,,,,0,0
2026-09-10,QQQ,,,,,,0,0
2026-09-10,SPY,,,,,,0,0
2026-09-10,TSLA,,,,,,0,0
2026-09-11,AAPL,,,,,,0,0
2026-09-11,GLD,18.07,4.48,,19.89,,5,0
2026-09-11,NVDA,,,,,,0,0
2026-09-11,QQQ,,,,,,0,0
2026-09-11,SPY,,,,,,0,0
2026-09-11,TSLA,,,,,,0,0
2026-09-14,AAPL,24.98,6.49,10.47,7.9,17.52,8,9
2026-09-14,GLD,23.75,3.97,31.54,23.57,327.94,13,18
2026-09-14,NVDA,34.01,6.6,6.21,8.35,7.1,7,3
2026-09-14,QQQ,19.49,8.84,10.66,19.28,24.78,128,30
2026-09-14,SPY,14.9,8.58,9.99,27.14,27.64,208,83
2026-09-14,TSLA,40.46,6.04,7.17,6.89,10.04,2,3
2026-09-15,AAPL,,,,,,0,0
2026-09-15,GLD,17.17,6.93,270.73,19.74,270.73,3,1
2026-09-15,NVDA,,,,,,0,0
2026-09-15,QQQ,,,,,,0,0
2026-09-15,SPY,,,,,,0,0
2026-09-15,TSLA,,,,,,0,0
2026-09-16,AAPL,,,,,,0,0
2026-09-16,GLD,17.62,7.41,,19.92,,4,0
2026-09-16,NVDA,,,,,,0,0
2026-09-16,QQQ,,,,,,0,0
2026-09-16,SPY,,,,,,0,0
2026-09-16,TSLA,,,,,,0,0
2026-09-17,AAPL,,,,,,0,0
2026-09-17,GLD,24.96,-2.24,,11.63,,2,0
2026-09-17,NVDA,,,,,,0,0
2026-09-17,QQQ,,,,,,0,0
2026-09-17,SPY,,,,,,0,0
2026-09-17,TSLA,,,,,,0,0
2026-09-18,AAPL,,,,,,0,0
2026-09-18,GLD,27.84,-1.04,,11.59,,2,0
2026-09-18,NVDA,,,,,,0,0
2026-09-18,QQQ,,,,,,0,0
2026-09-18,SPY,,,,,,0,0
2026-09-18,TSLA,,,,,,0,0
2026-09-21,AAPL,24.79,6.51,11.34,8.69,26.36,7,9
2026-09-21,GLD,22.42,10.35,9.18,30.66,13.82,5,4
2026-09-21,NVDA,32.52,9.27,,15.35,,3,0
2026-09-21,QQQ,17.75,7.99,7.89,15.4,12.11,144,37
2026-09-21,SPY,12.61,8.26,10.66,37.24,26.09,191,78
2026-09-21,TSLA,47.23,4.24,9.42,8.42,20.69,6,9
2026-09-22,AAPL,,,,,,0,0
2026-09-22,GLD,28.09,-1.06,,11.71,,2,0
2026-09-22,NVDA,,,,,,0,0
2026-09-22,QQQ,,,,,,0,0
2026-09-22,SPY,,,,,,0,0
2026-09-22,TSLA,,,,,,0,0
2026-09-23,AAPL,,,,,,0,0
2026-09-23,GLD,28.84,-0.91,,11.74,,2,0
2026-09-23,NVDA,,,,,,0,0
2026-09-23,QQQ,,,,,,0,0
2026-09-23,SPY,,,,,,0,0
2026-09-23,TSLA,,,,,,0,0
2026-09-24,AAPL,,,,,,0,0
2026-09-24,GLD,25.86,-1.99,,11.82,,2,0
2026-09-24,NVDA,,,,,,0,0
2026-09-24,QQQ,,,,,,0,0
2026-09-24,SPY,,,,,,0,0
2026-09-24,TSLA,,,,,,0,0
2026-09-25,AAPL,,,,,,0,0
2026-09-25,GLD,25.4,-2.37,,11.87,,2,0
2026-09-25,NVDA,,,,,,0,0
2026-09-25,QQQ,,,,,,0,0
2026-09-25,SPY,,,,,,0,0
2026-09-25,TSLA,,,,,,0,0
2026-09-28,AAPL,23.12,8.24,10.34,19.7,10.84,5,2
2026-09-28,GLD,23.21,8.81,5.02,20.74,5.02,42,1
2026-09-28,NVDA,34.86,9.56,-7.56,21.53,-5.36,7,3
2026-09-28,QQQ,20.85,8.18,5.38,16.4,5.5,135,2
2026-09-28,SPY,14.34,8.27,6.87,37.95,9.73,219,34
2026-09-28,TSLA,41.71,6.93,5.36,8.25,5.36,4,1
2026-09-29,AAPL,25.09,2.76,10.71,5.84,28.65,5,15
2026-09-29,GLD,22.09,7.92,,22.92,,27,0
2026-09-29,NVDA,33.29,9.19,,19.59,,7,0
2026-09-29,QQQ,19.9,8.15,6.24,14.71,7.71,122,13
2026-09-29,SPY,13.53,8.08,10.09,37.92,23.07,190,49
2026-09-29,TSLA,42.03,6.95,-8.74,8.56,-8.74,3,1
2026-09-30,AAPL,24.31,6.11,5.89,6.32,6.88,3,6
2026-09-30,GLD,21.09,7.49,10.41,11.24,22.56,10,7
2026-09-30,NVDA,32.05,8.44,17.21,16.89,17.21,9,1
2026-09-30,QQQ,19.46,7.77,8.13,14.68,19.59,134,44
2026-09-30,SPY,13.38,8.24,11.05,40.25,27.15,188,47
2026-09-30,TSLA,43.07,9.5,1.72,14.1,6.04,6,3
2026-10-01,AAPL,25.78,4.23,10.39,7.18,18.06,8,10
2026-10-01,GLD,19.29,5.59,15.28,10.72,32.44,13,7
2026-10-01,NVDA,34.97,6.42,12.35,11.51,27.92,17,19
2026-10-01,QQQ,18.98,8.53,10.5,16.43,24.79,161,38
2026-10-01,SPY,13.64,8.16,11.74,34.96,32.09,223,60
2026-10-01,TSLA,40.23,6.46,,7.25,,2,0
2026-10-02,AAPL,26.72,7.61,-6.94,10.8,-6.94,6,1
2026-10-02,GLD,21.45,6.64,8.17,11.8,8.17,13,1
2026-10-02,NVDA,31.55,6.92,5.28,9.62,5.28,5,1
2026-10-02,QQQ,19.4,7.59,6.5,13.46,9.17,84,18
2026-10-02,SPY,13.82,7.75,8.55,43.17,16.13,148,35
2026-10-02,TSLA,45.0,6.81,-7.6,6.81,-5.81,1,4
2026-10-05,AAPL,25.55,6.36,15.47,10.57,15.47,10,1
2026-10-05,GLD,21.39,7.39,6.19,10.18,6.19,24,1
2026-10-05,NVDA,28.98,6.88,7.64,8.8,10.11,7,7
2026-10-05,QQQ,19.47,7.57,6.2,13.67,7.62,162,11
2026-10-05,SPY,13.64,7.66,6.97,46.59,10.73,197,19
2026-10-05,TSLA,48.24,9.97,,9.97,,1,0
2026-10-06,AAPL,25.72,5.69,9.96,6.74,12.0,3,2
2026-10-06,GLD,20.88,7.31,7.39,10.51,7.39,22,1
2026-10-06,NVDA,29.67,6.56,6.83,8.0,6.83,7,1
2026-10-06,QQQ,19.76,7.46,9.19,14.23,20.4,137,34
2026-10-06,SPY,13.49,7.41,9.28,15.38,21.56,178,48
2026-10-06,TSLA,46.8,7.2,,7.2,,1,0
